{"5eJkkNif+wXib1J3eWKfCw==":"banner-3-1920x1080.jpg","ihlkf69UyfSmhSyJ1Jvc6w==":"jumbotron.jpg","5p1vzJVyDJF/6iXjJIGENQ==":"logo-122x39.png","1Rb2EFRG1q59P+PZfBOLhg==":"51ac6hifg6l._sl1257_-1257x1257.jpg","+CIqANhqhOJJU/b+57IzIw==":"51acj1f0npl%20(1)-500x500.jpg","2NZQMFFZGk9wdoToObQtVQ==":"51g7-fjgbdl._sl1117_-1117x1117.jpg","4kZYSQgp9t3FY5uvkpOfCg==":"51hpwp3h4zl._sl1000_-1000x1000.jpg","hL1tLVmPnGrRRjfOvE8YDw==":"61mfmgj-rnl._sl1129_-1129x1129.jpg","+0un085/0YV0n5J5ZXkQeg==":"616kb8djzgl._sl1000_-1000x1000.jpg","L6LaAfugu1PhU0OdZGpxSw==":"81xjibbv18l._sl1500_-1500x1500.jpg","0ktVBPABKprWMeUaxgo/Qg==":"antique_brass-1257x1257.jpg","RnrBHvKFWE+m/n+N+L79Eg==":"brown-1257x1257.jpg","fGdVjWOvauiXJzygxJjYew==":"gold-1257x1257.jpg","WR0QzS48ZxXxjM5Uszg+iA==":"antique_brass-770x770.jpg","BaNPN/WzNEv3vQI0dcUHGA==":"brush%20nikel-1257x1257.jpg","pR5iFhOo7Y18vuE+bk8i1A==":"mbr-720x1080.jpg","6CNWMEpYgap0cjXekPLGHw==":"mbr-1-720x1080.jpg","LFWVFIRFEI6dtM9YtB7PsA==":"mbr-1620x1080.jpg","UmOqk0tlyaqlKURWeVqUwQ==":"1.png","6jAJiYQqDhuPpwVvCkk/cg==":"5.png","SAZ8a+B3RJiYXExxgw/Uww==":"2.png","eFcuBC02POB2tvyFmpwyoA==":"3.png","3Mx0GNYqiu916VUvsN+tgA==":"4.png","0OOE1Usrtktm437Z/qTMRQ==":"background2.jpg","2Qb+H8mNJHZIjqZThdmtdQ==":"banner-2-1920x1080.jpg","Pa6zYDXs4XctiEBwLkHFew==":"home-depot-logo-black-transparent-192x192.png","ytK0e5sx1BdA/RroyeMTsQ==":"amazon-logo_grey-192x93.png","e3m62vZ3WUpSRS0nVzRJlQ==":"home-depot-logo-transparent-192x192.png","c1lRW37NBxcMRceIQUfuhw==":"fred_meyer_logo-192x38.png","6gV4XLOrQT14sPsXs0u9TA==":"800px-buy-192x48.png","LQbAON6tGaG7qx6r3Xn1DA==":"wayfair_logo_with_tagline-192x100.png","C1rVb/w4+kUOu2tJWJgKZQ==":"ace_hardware_logo-192x118.png","9ADMC2xUnDUv0iUpEd04NA==":"orgill-192x123.png","/sk0wrE3HXfcN959YvmsTg==":"andersons-logo-reverse-color-boxed-192x75.png","8ESVzJ+Ka7OLoia4sVO1Jg==":"trans-homedepot-192x192.png","PXqhwjYtk9zRdpERP4913g==":"mbr-1-1620x1080.jpg","SCty+B7p1WcQv03N63dmaQ==":"mbr-2-1620x1080.jpg","TmOiGt2Z1YN8mp4U2Vm7cg==":"mbr-810x1080.jpg","Blk65jq1BKDBhtCFsvHkGQ==":"banner_1_revised-1920x1080.jpg","TVAebcwr+Phy2774X4btoA==":"banner_1_revised-1-1920x1080.jpg","YZuX7iL/h+NCVu4f+vr6Dw==":"banner_1_revised-2-1920x1080.jpg","ba/blXU3k+ahHicznK2FaA==":"pf_logo-192x62.png","EgXWfnDFBIxvrgK13LcqLg==":"problems-851x315.jpg","fAblA2ZYEJx5mfGzrBbaZQ==":"problems_trial-767x315.jpg","GvMnBOyMgGU6Ah+cWEp6GQ==":"problems_trial-2-767x315.jpg","gYzdsAHYQP7LGvmTvaBNkQ==":"problems_trial-3-767x315.jpg","kqu5paYbiHMGRIx0J3nfGw==":"problems-616x315.jpg","Tdx99we47lRBr+U9+2F2nA==":"problems-616x315.png","aVG7N0fnYjI/BHC7tIwDzQ==":"problems.gif","kyQmy68ADUthoHBzo/tLOg==":"test.gif","1osaMGEeJ9Fg+g1O1rMuLg==":"test-1.gif","exkj3D0tIKYlW5+2BFsJhw==":"t2-767x1000.png","QaCOnT4ptIy23K+WY4zwWw==":"t3-767x1000.png","HoeEF4HfT9nMa9Cg+v0y1w==":"02.jpg","BYAkOER3lNWyKhzjaT0EvA==":"illustration_map-1-950x950.png","npGdhyzprw8ywNncFjzHWg==":"mbr-3-1620x1080.jpg","B6dlQP7Dc55Tq5mpOKGozA==":"mbr-1-810x1080.jpg","f1ImLWxLr1OKlQGMEuXlKw==":"screen%20shot%202018-05-06%20at%2011.23.56%20pm-500x204.png","ED8tqNAcMARLjDrBDFwO0Q==":"lowes_logo-192x88.png","LeIyI/jbU4JsTpBv+IF7Dw==":"menards-logo-lg-192x52.png","MfPp8I8SCj+37uS8OL9MhQ==":"osh-192x101.png","Z3gY7vx3qPo65C8j+fgRnw==":"2000px-meijer_logo.svg-192x74.png","38B0w5an7eXZgDXJKu0p4w==":"mclendon-complete-hardware-192x103.jpg","4+DzqXFpj/z2AIwVP9lcYQ==":"background5.jpg","D/MJwuutwIhlmcioKCvGqA==":"04.jpg","p8WrD0wztbjm1r+zHIDwpA==":"home-depot-logo-transparent-240x240.png","TuUFpvf9sCls967RM9Arwg==":"ace_hardware_logo-1280x787.png","NQA1jDD+dkBQBLjpO5dwoA==":"osh-276x145.png","qcM9jnnnbyy6lLWy9vQkKw==":"mclendon-complete-hardware-260x140.jpg","+mZeOjxpRILomYoTcvDsKA==":"menards-logo-lg-394x107.png","BE1m5Hwhkv2y45s6A2L9Wg==":"lowes_logo-812x372.png","9EGO0sX7yHGo4guSQf3qDw==":"amazon-logo_grey-580x280.png","YRtVmzoTBQyfc+m/REklAQ==":"visa.png","UV0OihlGKn4olow7Sw3Ejw==":"master-card.png","fvkCCv8N8dmAkiF2QMn1ig==":"paypal.png","5WSL3y5dFUme9x98WehfzA==":"western-union.png","bCW84iZ0pVnBGNUi+/6ABQ==":"jcb.png","eK4AGSgSj3Djrbkun96LJg==":"discover.png","QJTwy2DXcR/wXdg9nuh7IQ==":"stripe.png","4n57PzsphAXhur2BIOgrQA==":"ebay.png","972t2WIG521T0nbuqIa+5g==":"union-pay.png","lOSBmSZ9pfl8upE0pnTrPA==":"american-express.png","ckHM9XCfJe8ZKA7oKt6gwQ==":"bitcoin.png","RSWgOyv95bnKHrcMJ23fBw==":"diners-club.png","GmGRMlyJMvVcJlvJZuDJVA==":"background2-1.jpg","AZ4JqlRyL0up+bK2oiX6vw==":"amazon.png","JMul8YVYYw+Ttjo9IutxFg==":"mbr-4-1620x1080.jpg","Al/MDNfOv7kM78ETKk23Jw==":"sink_banner-1920x1080.png","GTlTtDmn2vHE2mgv+av8Tw==":"sink_banner-1-1920x1080.png","WIk/hErjuTUZBugNzblyjg==":"sink_banner-2-1920x1080.png","NABkP9i4t4mIGSpFn73WIA==":"background1.jpg","Os1hpkyKHdJTZJYYSjSiXg==":"01.jpg","NBeRvGcH5uJp6ycGjhXatA==":"background4.jpg","cd0cQkF0EGwwKnoG54gwTg==":"mbr-5-1620x1080.jpg","3cdhZ594iri2WbUsMeKh9A==":"mbr-1440x1080.jpg","BSt+6tBtqwUps/KtlXolfQ==":"home_page-1-1920x1080.jpg","H70d/nOThic73ALk5wK7Ag==":"home_page_pusheasy-1920x1080.jpg","Q0R+Wji8nznZFsAgDlDEFg==":"home_page_hairfree-1920x1080.jpg","/bQQfQkVPUmK+dU4N5ijwg==":"home_page_1_alt-1920x1080.jpg","X/r0n98PoyJjE4E08Z6ITQ==":"drains_stoppers-1800x1003.jpg","sRvQHCPWZR/VFpeVMdgkXg==":"home_page_1_alt-1-1920x1080.jpg","bO8Rk2RJK04g/AQCkb3l3A==":"green_gradient-1800x1003.jpg","+cbq5p9iXAMV5WsEvhqH5A==":"size-2000x1461.jpg","JMJVgq0FM9qVU/rk9k2uDQ==":"green_gradient-1-1800x1003.jpg","Zb2eOkxWd2fw44D4rDER2Q==":"size-1728x216.jpg","83h13mdAJpF2yYWJpRGEag==":"green_gradient-2-1800x1003.jpg","6VH42Bc7w3i02PStEq/tNQ==":"menu_blue-1800x1003.jpg","lHj/z4+9YDEOoqecU6H9rQ==":"depositphotos_173921298_original-2000x1334.jpg","BvYTDsT7C0EhZB9DUiE9Bw==":"rusty-sink-drain-in-a-338x450.jpg","cSpM9TSkl2BrFuBgyiAJkA==":"square_template-846x846.jpg","yQV5pyvvOmA1hrixkcwfeQ==":"rusty_sink_square-846x846.jpg","POX5OU0CnEPrS6JV3vZfGA==":"depositphotos_171304590_original-846x564.jpg","NBHBpmIwGcmxyf4c7cXzhA==":"rusty_stopper_square-846x846.jpg","x1/8XIStiaL/fBGROwE+PQ==":"stopper_size-846x846.jpg","pb6gV+fUCeENuAt9D+pmDw==":"stopper_finish-846x846.jpg","YEr9oQxfVEEBYHldfaSYJg==":"pf1_darkbgwhite-376x123.png","bws1mK7NpA2o7nRiQsKQcg==":"depositphotos_142025368_original-2000x1333.jpg","wZy4W6Qc+SxzbbdxT+WqCw==":"mbr-6-1620x1080.jpg","7ilg/cV/0z2sGQkULE8l2w==":"video_title-16x9.jpg","/HlIUhLptr9N1pq3yZj1xg==":"vide_title-1-1800x1200.jpg","7OI6HUxlt9Z4kHLQdREq4A==":"untitled-1-1800x1200.jpg","hEmgi5Iw99RYe9kKoCLnLw==":"text_placeholder-1800x1200.jpg","NTsKWI8mfPeQqxCGAiSbrQ==":"text_placeholder_newinstall-1800x1200.jpg","yNH4I0WsCArIO1D0mnbr0g==":"mbr-2-810x1080.jpg","DMNfPSVaYZx6pjFsChJU4g==":"mbr-2-720x1080.jpg","n+3lEg8l3zpMWRteHCjTZQ==":"mbr-1631x1080.jpg","o6pr9sC2dARkoyKjO2Xfmw==":"mbr-1121x1080.jpg","gUTgtm1MSkYqqUik6La07Q==":"mbr-1-1631x1080.jpg","N1kLDqmV7Y5S0v3twdih3w==":"containers-1800x1003.jpg","O8ywCbMD8Y3ed55f1wI19Q==":"menu_blue-1-1800x1003.jpg","CrXzDZNOaFndKMMTz0ULDw==":"text_placeholder_newinstall-1-1800x1200.jpg","Q2CWPLcL2g5iIQOk745/Ug==":"text_placeholder_newinstall-2-1800x1200.jpg","xkGyTzTusHztZ1V/9/5CPw==":"pf0337%20jumbo%20clogfree%20replaces-874x809.jpg","a48whfjvF8DPJJr9mcKjaQ==":"pf0266%20jumbo%20cover%20up%20comparison%20and%20finishes-874x874.jpg","fOmvCVb3PJ1l/yLu07Dxcw==":"depositphotos_173827002_original-2000x1334.jpg","bQDBGSwf/mtF6Yjc81z7xg==":"pf0270%20jumbo%20cover%20up%20comparison%20and%20finishes-1142x1142.jpg","s4OlTPBjVnIsuGgj7piuVg==":"pf0270%20jumbo%20cover%20up%20in%20sink-795x795.jpg","7bKcJR+yjAh0iPQ2yF6vDQ==":"pf0337%20jumbo%20clogfree%20in%20sink-1142x1303.jpg","ari8AntBW8Gjw/0shN3lPA==":"mbr-1920x1278.jpg","D9e0WiRJ8fKMGV+4igH98w==":"mbr-1162x775.jpg","zNszKv5rTuTPvNN17Vr5RA==":"mbr-1-1162x775.jpg","gcK+op8GfChM3XD4bFghzw==":"mbr-1162x508.jpg","OkgQx3ZgANLWD7fuct9Rzw==":"mbr-1162x653.jpg","DTOaET+KyPDdfOtqepS4QQ==":"mbr-2-1162x775.jpg","iJ3Jas7Dtd7rjHPAeaUgHg==":"retailers_stock-612x408.jpg","u5ZWZHTAHauxdrctP2p0hg==":"imageedit-2.gif","XqiOdrJHVrWNe6DjCJuM+w==":"imageedit-4.gif","oHbabircdiJx3mqAnpxFcQ==":"imageedit-7.gif","i044yAlhqvTaIkiPWldvxA==":"imageedit-9.gif","eYM+WXXOkaorvHmC85gOUw==":"imageedit-11.gif","h4o6YQFYxuZkJRkolTgYYg==":"imageedit-13.gif","MvIMVnVbt97pul+OO05/MA==":"lusell-logo-cropped-128x107.png","dsLzaFrcslNBCvq0OHWe/g==":"insert%20banner-1920x1080.png","SUYVOHEAWnrmymw+p7VDZg==":"insert%20banner%20(1)-1920x1080.png","HXK7ZJzisJrfx/hLSjX5JA==":"insert%20banner%20(2)-1920x1080.png","2fSnPojjeBWZnKKcIUoVcg==":"insert%20banner%20(3)-1920x1080.png","qtzCIAcl2i/RRJWPjbBwmQ==":"insert%20banner%20(4)-1920x1080.png","1W38WJhVlp/J3NLrx58VmA==":"zulily_logo.svg-192x122.png","0Wc1kj7flZcRmMu6Iz8Gow==":"copy%20of%20untitled%20(1)-1920x540.png","uaAwZAYvV0OB9WKLeVsUfQ==":"circle%20banner-1920x540.png","NpVAsieDE4wuAUF8DLLThg==":"circle%20banner%20(1)-1920x540.png","QW92bhUN9vbjpvmg+m40oA==":"circle%20banner%20(2)-1920x540.png","aAWi4bK7ToobEhlvtkUufg==":"circle%20banner%20(3)-1920x540.png","8R/G1UnvyDPMrE1o4iahXg==":"circle%20banner%20(4)-1920x540.png","R7KkyCc31tcz0KDt2kNEgA==":"circle%20banner%20(5)-1920x540.png","9haNBdnh24l6Ek52k8Aftg==":"04.jpg"}